track_id,title,artist,source_url,duration_mm_ss,mood_theme_tags,listening_group,link_identity_status,link_checked_at,page_artist,identity_confirmed_by,identity_confirmed_at,current_audio_license_status,display_policy,valence,arousal,melody_present,melodic_surprise,surprise_evidence,review_note,label_status
track_0111374,Give Me A Hand,Traffic In My Head,https://www.jamendo.com/track/111374,3:11,mood/theme---emotional; mood/theme---relaxing,Emotional,matched,2026-10-01,,,,not_checked,external_link_only,-1,1,yes,1,,,verified
track_0114199,Binz Flow,Pedro Collares,https://www.jamendo.com/track/114199,4:28,mood/theme---relaxing,Relaxing,matched,2026-10-01,,,,not_checked,external_link_only,0,1,yes,2,"Around 3:00, the pitch center of the dominant melody pivots, followed by a change in phrase progression.","The relaxing texture contains mixed cues of melancholy and hope, overall approaching neutral.",verified
track_0287980,Robot_Star,Nationale2,https://www.jamendo.com/track/287980,5:30,mood/theme---melancholic,melancholic,matched,2026-10-01,,,,not_checked,external_link_only,0,3,yes,2,"Around 2:22, the pitch contour of the electronic lead changes, contrasting with the looping figure of the preceding section.",,verified
track_0579315,Simplicity,Macroform,https://www.jamendo.com/track/579315,3:21,mood/theme---calm; mood/theme---energetic; mood/theme---happy; mood/theme---motivational,calm,matched,2026-10-01,,,,not_checked,external_link_only,0,1,yes,1,,,verified
track_0654634,Itiro (Road and Rain),Alexandr Ossipov production music,https://www.jamendo.com/track/654634,3:50,mood/theme---relaxing,Relaxing,matched,2026-10-01,,,,not_checked,external_link_only,-1,1,yes,3,"Around 1:36 and 2:16, both the melodic register and phrasal rhythm undergo noticeable changes, making the later section harder to predict than the preceding part.",,verified
track_0659395,Inspired by L'eau noire Part I,Xcyril,https://www.jamendo.com/track/659395,2:28,mood/theme---documentary; mood/theme---emotional; mood/theme---soft,Emotional,matched,2026-10-01,,,,not_checked,external_link_only,-1,1,unknown,unknown,,"Dominated by atmosphere and sustained tones, with the presence of the main melody being insufficiently defined.",verified
track_0824134,Fly So High,David Neil Robinson,https://www.jamendo.com/track/824134,3:59,mood/theme---melodic,melodic,matched,2026-10-01,,,,not_checked,external_link_only,1,3,yes,2,"Around 2:00, there is a clear turning point in the dominant pitch and harmonic center, and the subsequent short phrases take a different direction from the preceding section.",,verified
track_0844698,Res Publica,Sevenless,https://www.jamendo.com/track/844698,4:35,mood/theme---dark; mood/theme---dramatic; mood/theme---epic; mood/theme---inspiring,dramatic,matched,2026-10-01,,,,not_checked,external_link_only,0,3,yes,3,"Around 3:12 and 3:56, the theme's pitch center and harmonic progression undergo two distinct transitions, making the later section difficult to predict directly from the preceding context.","A coexistence of darkness, epic qualities, and motivation, with the emotional coloring recorded as neutral based on the dominant impression.",verified
track_0896604,To tylko łzy (feat Bezoczny),Tymono,https://www.jamendo.com/track/896604,4:08,mood/theme---energetic,energetic,matched,2026-10-01,,,,not_checked,external_link_only,1,3,yes,2,"Around 2:20, the tonic progression and rhythmic pattern show a clear change.",,verified
track_0938333,How Things Change,Jonathan Dimmel,https://www.jamendo.com/track/938333,4:06,mood/theme---emotional; mood/theme---mellow,Emotional,matched,2026-10-01,,,,not_checked,external_link_only,1,2,yes,2,"Around 1:52, the register and rhythmic pattern of the main melody change simultaneously, forming an identifiable turning point.",,verified
track_0978031,Crash Of Night,StatueOfDiveo,https://www.jamendo.com/track/978031,5:40,mood/theme---energetic,energetic,matched,2026-10-01,,,,not_checked,external_link_only,1,3,yes,3,"Around 1:50 and 3:56, the dominant pitch center and rhythmic pattern undergo multiple transitions with a relatively large magnitude of change.",,verified
track_1028896,Secuence IV,Dave Imbernön,https://www.jamendo.com/track/1028896,2:49,mood/theme---sad,sad,minor_spelling_variant,2026-10-01,Dave Imbernon,,,not_checked,external_link_only,-1,1,yes,2,"Around 2:12, the main melody exhibits a clear register shift, breaking the preceding stepwise repetition.",,verified
track_1032701,Building Blocks (The Tinkering Of Time),Ruined Machines,https://www.jamendo.com/track/1032701,2:58,mood/theme---fun; mood/theme---space; mood/theme---uplifting,uplifting,matched,2026-10-01,,,,not_checked,external_link_only,1,2,yes,2,"Around 1:28, the rhythm and pitch center of the dominant motif change simultaneously.",,verified
track_1048156,Celesti orizzonti,Alessandro Vacirca,https://www.jamendo.com/track/1048156,3:54,mood/theme---relaxing,Relaxing,matched,2026-10-01,,,,not_checked,external_link_only,-1,1,yes,1,,,verified
track_1066797,Banned,Mike Allen,https://www.jamendo.com/track/1066797,2:46,mood/theme---energetic,energetic,matched,2026-10-01,,,,not_checked,external_link_only,1,3,yes,3,"Around 1:44 and 2:00, the main melody's register and rhythmic pattern shift rapidly, creating a strong sense of the unexpected.",,verified
track_1098065,Dangerous Orchestral,ALM,https://www.jamendo.com/track/1098065,5:40,mood/theme---action; mood/theme---dramatic,dramatic,matched,2026-10-01,,,,not_checked,external_link_only,-1,2,yes,3,"Around 0:42, a new contrast between high and low registers appears; around 4:04, the melodic rhythmic pattern shifts again.","Driven by action and tension; although it has a certain epic brightness, it is still recorded as somewhat negative.",verified
track_1121453,Scent ideas,Marco Margna,https://www.jamendo.com/track/1121453,2:53,mood/theme---hopeful; mood/theme---positive,hopeful,matched,2026-10-01,,,,not_checked,external_link_only,1,2,yes,2,"Around 2:34, the melody shifts from a lower-register loop to a higher, more fluid progression.",,verified
track_1133285,Business,Draganov Veaceslav (Draganov89),https://www.jamendo.com/track/1133285,2:28,mood/theme---happy; mood/theme---hopeful; mood/theme---motivational,hopeful,artist_variant_confirmed,2026-10-01,Veaceslav Draganov,Niu Tong,2026-10-02,not_checked,external_link_only,1,2,yes,3,"Around 1:12, the main melody's rhythmic pattern changes, followed by a shift in the pitch center; the overall magnitude of change is relatively large.",,verified
track_1164472,8_Lullaby 1 Ac2 no mel,MFYM,https://www.jamendo.com/track/1164472,3:14,mood/theme---calm; mood/theme---soft,calm,matched,2026-10-01,,,,not_checked,external_link_only,0,1,no,unknown,,"Primarily accompaniment-style arpeggios/harmonic layers, with no steadily followable main melody heard.",verified
track_1170624,Reminders of the Past,Razvan Veina,https://www.jamendo.com/track/1170624,4:27,mood/theme---melancholic,melancholic,matched,2026-10-01,,,,not_checked,external_link_only,-1,1,yes,2,"Around 1:44, the melodic center of gravity moves upward, and the phrase rhythm transitions from steady to more undulating.",,verified
track_1185796,Uplifting,Matti Paalanen,https://www.jamendo.com/track/1185796,1:40,mood/theme---commercial; mood/theme---corporate; mood/theme---uplifting,uplifting,matched,2026-10-01,,,,not_checked,external_link_only,1,2,yes,2,"Around 0:48, the main melody transitions from shorter motifs to more continuous phrases, with a clear change in direction.",,verified
track_1190162,Doors to magic world,Libra Makowski,https://www.jamendo.com/track/1190162,4:18,mood/theme---calm,calm,matched,2026-10-01,,,,not_checked,external_link_only,0,2,unknown,unknown,,"The texture and rhythmic grain are prominent, making it uncertain whether the main melody is clear enough to follow.",verified
track_1211800,Save the Nerd (Instrumental),Kara Square and Piero Peluche,https://www.jamendo.com/track/1211800,4:24,mood/theme---advertising; mood/theme---drama; mood/theme---dramatic; mood/theme---emotional; mood/theme---epic; mood/theme---film,dramatic,matched,2026-10-01,,,,not_checked,external_link_only,1,2,yes,2,"Around 2:20, the main melodic register and phrasal density change, breaking the cyclic feel of the preceding section.",,verified
track_1221853,Stuck in the Back of My Head,The A.J. Gatz Project,https://www.jamendo.com/track/1221853,3:15,mood/theme---sad,sad,matched,2026-10-01,,,,not_checked,external_link_only,0,2,yes,1,,Minor-key/melancholic cues coexist with brighter sections; the dominant color is not distinct.,verified
track_1222313,The Day After,NICOCO,https://www.jamendo.com/track/1222313,3:56,mood/theme---documentary; mood/theme---drama; mood/theme---emotional; mood/theme---sad,sad,matched,2026-10-01,,,,not_checked,external_link_only,-1,1,yes,1,,,verified
track_1231364,Without You,Fourteen Steps To Hell,https://www.jamendo.com/track/1231364,3:42,mood/theme---dark; mood/theme---happy; mood/theme---sad,sad,artist_variant_confirmed,2026-10-01,LEEAAV,Niu Tong,2026-10-02,not_checked,external_link_only,1,3,yes,2,"Around 3:20, the tonic direction and rhythmic density change, forming a clear transition point.","The title and original tags contain sadness/darkness cues, but the overall listening experience is brighter and higher in arousal.",verified
track_1232472,04 Bitterness,Roman Grau,https://www.jamendo.com/track/1232472,4:20,mood/theme---calm,calm,matched,2026-10-01,,,,not_checked,external_link_only,-1,1,yes,3,"Around 0:32 and 4:08, the melodic register and harmonic center shift significantly, making the latter trajectory less predictable.",,verified
track_1233539,Compuesto - Por Siempre Existir,J.C.Vogt,https://www.jamendo.com/track/1233539,3:36,mood/theme---heavy; mood/theme---melancholic,melancholic,matched,2026-10-01,,,,not_checked,external_link_only,1,3,yes,2,"Around 3:26, the dominant figure and register change markedly, subsequently leading into a musical phrase different from the preceding section.",,verified
track_1277088,Endless Waves,Pablo Samonta,https://www.jamendo.com/track/1277088,3:17,mood/theme---calm; mood/theme---nature; mood/theme---relaxing,calm,matched,2026-10-01,,,,not_checked,external_link_only,0,1,yes,2,"Around 1:56, clear changes appear in the pitch trajectory and rhythmic density of the arpeggiated melody.",,verified
track_1288500,Maxim Kornyshev - Touch The Send,soo.su,https://www.jamendo.com/track/1288500,2:51,mood/theme---uplifting,uplifting,matched,2026-10-01,,,,not_checked,external_link_only,1,3,yes,3,"Around 2:14, the dominant pitch center shifts substantially, and the rhythmic pattern also changes; compared to the preceding text, the sense of surprise is stronger.",,verified
track_1336216,The Unknown Soldier,Grégoire Lourme,https://www.jamendo.com/track/1336216,4:47,mood/theme---drama; mood/theme---emotional,Emotional,matched,2026-10-01,,,,not_checked,external_link_only,-1,1,yes,1,,,verified
track_1342578,From the Suburbs,Esther Garcia,https://www.jamendo.com/track/1342578,1:39,mood/theme---dramatic; mood/theme---dream; mood/theme---emotional; mood/theme---sad,dramatic,matched,2026-10-01,,,,not_checked,external_link_only,-1,1,yes,1,,,verified
track_1343443,Heavenly dreams,Airmusic,https://www.jamendo.com/track/1343443,3:04,mood/theme---dream; mood/theme---hopeful; mood/theme---inspiring; mood/theme---melodic; mood/theme---relaxing,hopeful,matched,2026-10-01,,,,not_checked,external_link_only,0,1,unknown,unknown,,"There are many sustained notes and ambient layers, making it uncertain whether the main melody can be steadily followed.",verified
track_1356871,No Sensation,The Vow,https://www.jamendo.com/track/1356871,3:32,mood/theme---dream; mood/theme---melodic,melodic,matched,2026-10-01,,,,not_checked,external_link_only,1,2,yes,2,"Around 2:58, the melodic figure shifts from stable sustained notes to more pronounced undulating short phrases.",,verified
track_1385554,Pride,Matt Confusion,https://www.jamendo.com/track/1385554,3:27,mood/theme---calm; mood/theme---love,calm,matched,2026-10-01,,,,not_checked,external_link_only,0,1,yes,3,"Around 1:54 and 2:16, the main melody register shifts continuously, and the rhythmic pattern changes accordingly, creating a strong sense of surprise.","The threads of hope, love, and melancholy coexist, and the overall emotional color is close to neutral.",verified
