case_id	role_id	split	utterance	current_valence	current_arousal	target_valence	target_arousal	target_melodic_surprise	requires_melody_present	trajectory	evidence_json	unsupported_condition_phrases	other_request_or_note	ambiguous	review_status
dev_001	P01	dev	加班到现在脑子嗡嗡的，想听点安静的让我缓缓，别太花里胡哨的。	-1			1	1		single_target	{"current_valence":"脑子嗡嗡的","target_arousal":"安静的","target_melodic_surprise":"别太花里胡哨的","trajectory":"想听点安静的让我缓缓"}	[]	“让我缓缓”是期望感受；不推断目标 valence=0 或当前 arousal=3。	false	approved
dev_002	P01	dev	早上挤地铁已经够烦了，来点让人精神一点、心情亮堂点的，但别太吵。别给我放口水歌。	-1		1	2			single_target	{"current_valence":"够烦了","target_valence":"心情亮堂点","target_arousal":"精神一点","trajectory":"来点让人精神一点、心情亮堂点的"}	["别太吵","别给我放口水歌"]	“吵”按音量要求，不由 arousal 保证。	false	approved
dev_003	P01	dev	睡前想放空一下，不想听有人唱的。							none	{}	["不想听有人唱的"]	“放空”是期望体验，不自动推断中性情绪或低唤醒。	false	approved
dev_004	P02	dev	今天心里有点堵，想听点能陪我一起丧一会儿的。	-1		-1				single_target	{"current_valence":"心里有点堵","target_valence":"丧一会儿","trajectory":"想听点能陪我一起丧一会儿的"}	[]	用户明确想听偏负向表达；“陪”不作效果保证。	false	approved
dev_005	P02	dev	我在敲代码，想要有点带劲的，别太苦情，听着更没心思干活。			{"relation":"at_least","value":0}	2			single_target	{"target_valence":"别太苦情","target_arousal":"有点带劲的","trajectory":"想要有点带劲的"}	[]	作者确认：“别太苦情”在本项目三档歌曲标签中按 valence≥0 操作，允许中性或偏正向歌曲，排除 -1；这是一项课程操作口径，不声称原话天然等同于此边界。活跃度仍为精确 2。	false	approved
dev_006	P02	dev	老听到那种一开头就知道下一句是啥的，腻了，想来点没想到的。					3		none	{"target_melodic_surprise":"没想到的"}	[]	按项目预设口径，将可预测性表达映射到旋律意外感。	false	approved
dev_007	P03	dev	明天要考试，现在心慌得不行，想让自己慢慢踏实下来。	-1	3		1			single_target	{"current_valence":"心慌得不行","current_arousal":"心慌得不行","target_arousal":"踏实下来","trajectory":"想让自己慢慢踏实下来"}	[]	个人情绪逐渐缓和，不等于明确要求第一首高、末首低。	false	approved
dev_008	P03	dev	今天心情特别好，想听点欢快的，但别放土嗨歌。	1		1				single_target	{"current_valence":"心情特别好","target_valence":"欢快的","trajectory":"想听点欢快的"}	["别放土嗨歌"]	土嗨歌无可核验曲目字段。	false	approved
dev_009	P03	dev	别放摇滚也别放说唱，听着头疼。							none	{}	["别放摇滚","别放说唱"]	“听着头疼”是理由，不是已发生的当前情绪。	false	approved
dev_010	P04	dev	我要去跑步，想听特别带劲的，最好还有点出乎意料的地方，别是那种口水歌。				3	3		single_target	{"target_arousal":"特别带劲的","target_melodic_surprise":"出乎意料的地方","trajectory":"想听特别带劲的"}	["别是那种口水歌"]	宽泛“出乎意料”按本项目旋律探索口径解释。	false	approved
dev_011	P04	dev	有点烦，想先来点猛的发泄一下，然后慢慢软下来。	-1			1			{"type":"from_to","arousal":{"from":3,"to":1}}	{"current_valence":"有点烦","target_arousal":"慢慢软下来","trajectory":"先来点猛的发泄一下，然后慢慢软下来"}	[]	作者确认：“猛的”对应歌曲活跃度 3，随后逐渐降至 1；target_arousal=1 表示终点，不把歌曲起点误记为用户当前唤醒度。	false	approved
dev_012	P04	dev	随便来点不悲不喜的背景音乐就行。			0				single_target	{"target_valence":"不悲不喜的","trajectory":"来点不悲不喜的背景音乐"}	[]	“背景音乐”未被解释为无人声硬条件。	false	approved
test_001	P05	test	刚吵完架，心里堵得慌，想听点能让我慢慢静下来的。	-1			1			single_target	{"current_valence":"心里堵得慌","target_arousal":"慢慢静下来","trajectory":"想听点能让我慢慢静下来的"}	[]	不把“堵得慌”硬标为高唤醒，也不把“静下来”硬标为中性情绪。	false	approved
test_002	P05	test	周末下午懒洋洋的，想听点暖暖的、轻松的。			1				single_target	{"target_valence":"暖暖的","trajectory":"想听点暖暖的、轻松的"}	[]	“轻松”不自动等于低唤醒；“懒洋洋”未必是当前负面情绪。	false	approved
test_003	P05	test	不要太吵的电子乐，也别给我放土嗨歌。							none	{}	["电子乐","不要太吵","别给我放土嗨歌"]	电子乐是正向风格要求；三项均无可靠歌曲字段保证。	false	approved
test_004	P06	test	最近压力特别大，想听点治愈的，简单点就好，别搞得太复杂。	-1				1		none	{"current_valence":"压力特别大","target_melodic_surprise":"别搞得太复杂"}	[]	“治愈”是软体验目标；“复杂”按项目已确认口径映射低旋律意外感。	false	approved
test_005	P06	test	想听点让我“咦？”一下的，别一听就能猜到后面。					3		none	{"target_melodic_surprise":"别一听就能猜到后面"}	[]	按项目口径映射高旋律意外感。	false	approved
test_006	P06	test	下雨天，感觉整个人都湿湿的，想听点忧伤的。			-1				single_target	{"target_valence":"忧伤的","trajectory":"想听点忧伤的"}	[]	天气和“湿湿的”不单独推出用户当前情绪。	false	approved
test_007	P07	test	我现在困得睁不开眼，来点提神的，别放慢歌。		1		3			single_target	{"current_arousal":"困得睁不开眼","target_arousal":"提神的","trajectory":"来点提神的"}	["别放慢歌"]	慢歌属速度要求，不能只凭 arousal 保证。	false	approved
test_008	P07	test	做饭的时候想放点轻快的。			1	2			single_target	{"target_valence":"轻快的","target_arousal":"轻快的","trajectory":"想放点轻快的"}	[]	“轻快”同时表达较正向与中等活跃。	false	approved
test_009	P07	test	我要看书，别放有人唱词的，会分心。							none	{}	["别放有人唱词的"]	要求涉及人声／歌词，现有歌曲标签不能保证。	false	approved
test_010	P08	test	刚失恋，想先听点难过的，哭一哭，然后慢慢好起来。			-1				single_target	{"target_valence":"难过的","trajectory":"想先听点难过的"}	[]	作者核定：“先”表示此刻想听难过的歌，“然后慢慢好起来”说的是人的状态，不规定三首歌的先后、首曲专属目标或后续歌曲情绪。target_valence=-1 是当前可执行的音乐目标。	false	approved
test_011	P08	test	想听点劲儿大的，但别太绕，我听不懂那些复杂的。				3	1		single_target	{"target_arousal":"劲儿大的","target_melodic_surprise":"别太绕","trajectory":"想听点劲儿大的"}	[]	“绕／复杂”按项目已确认口径映射低旋律意外感。	false	approved
test_012	P08	test	别放那种慢悠悠的抒情歌，也别放口水歌，听着没感觉。							none	{}	["别放那种慢悠悠的抒情歌","别放口水歌"]	慢速／抒情风格／口水歌均非现有可靠字段。	false	approved
test_013	P09	test	今天太开心了，想听点更嗨的！	1		1	3			single_target	{"current_valence":"太开心了","target_valence":"更嗨的","target_arousal":"更嗨的","trajectory":"想听点更嗨的"}	[]	“嗨”在此按积极且高活跃的音乐表达处理。	false	approved
test_014	P09	test	有点焦虑，想听点稳稳的，别忽然来个大变化吓我一跳。	-1				1		none	{"current_valence":"有点焦虑","target_melodic_surprise":"别忽然来个大变化"}	[]	“稳稳的”不指定精确唤醒档位；“变化”按项目已确认口径映射旋律意外感。	false	approved
test_015	P09	test	来点听着有新鲜感的吧，但别是土嗨歌那种。					2		none	{"target_melodic_surprise":"新鲜感"}	["别是土嗨歌那种"]	新鲜感映射中档旋律意外感是作者已确认的项目口径。	false	approved
test_016	P10	test	晚上走路回家，想听点安静的，再有点温柔的感觉。			1	1			single_target	{"target_valence":"温柔的感觉","target_arousal":"安静的","trajectory":"想听点安静的"}	[]	“安静”低唤醒；“温柔”暂按正向音乐表达。	false	approved
test_017	P10	test	烦死了烦死了，想听点吵吵闹闹的发泄一下。	-1			3			single_target	{"current_valence":"烦死了烦死了","target_arousal":"吵吵闹闹的发泄一下","trajectory":"想听点吵吵闹闹的发泄一下"}	[]	作者核定：“吵吵闹闹”指高能量音乐，不指音量大。	false	approved
test_018	P10	test	别放英文歌，也不想听土嗨歌。							none	{}	["别放英文歌","不想听土嗨歌"]	英文歌词语言及土嗨歌类别均无可靠字段。	false	approved
test_019	P11	test	先来点紧张刺激的，后面慢慢让我放松下来。				1			{"type":"from_to","arousal":{"from":3,"to":1}}	{"target_arousal":"放松下来","trajectory":"先来点紧张刺激的，后面慢慢让我放松下来"}	[]	作者核定：歌曲活跃度从 3 逐渐降到 1；target_arousal=1 是终点。起点记在歌单路径内，不新增首曲字段，也不混入用户当前状态。	false	approved
test_020	P11	test	想听点不悲不喜的，平平淡淡那种。			0				single_target	{"target_valence":"不悲不喜的","trajectory":"想听点不悲不喜的"}	[]	中性情绪明确；“平平淡淡”不自动设定精确唤醒度。	false	approved
test_021	P11	test	想要点出乎意料的感觉，但别太吵。					3		none	{"target_melodic_surprise":"出乎意料的感觉"}	["别太吵"]	仅有旋律偏好，不是情绪路径；吵是无法保证的音量要求。	false	approved
test_022	P12	test	有点孤单，想听点能陪着我的。	-1						none	{"current_valence":"有点孤单"}	[]	“陪伴”是软愿望，不能作为必须保证的硬条件，也不自动推断目标音乐情绪。	false	approved
test_023	P12	test	想听点让人觉得天亮了、有盼头的。			1				single_target	{"target_valence":"有盼头的","trajectory":"想听点让人觉得天亮了、有盼头的"}	[]	“有盼头”按正向音乐表达；不保证听众实际心情改变。	false	approved
test_024	P12	test	别太悲，也别太闹，口水歌和土嗨歌都不要。			0	{"relation":"at_most","value":2}			single_target	{"target_valence":"别太悲","target_arousal":"别太闹","trajectory":"别太悲，也别太闹"}	["口水歌","土嗨歌"]	作者核定：“别太悲”按中性目标近似；“别太闹”是音乐活跃度≤2，不是音量要求，也不能强填为恰好 1 或 2。曲库活跃度未知时不能声称满足上限；口水歌／土嗨歌仍无法保证。	false	approved
test_025	P13	test	早上爬不起来，想用歌把自己叫醒，最好从软软的慢慢变得有精神。		1		3			single_target	{"current_arousal":"爬不起来","target_arousal":"变得有精神","trajectory":"想用歌把自己叫醒"}	[]	作者核定：“软软的”描述用户当前状态，不是首曲目标；不据此标音乐从低到高的明确路径。	false	approved
test_026	P13	test	想听没人唱的，但得有个能跟着哼的调调。						true	none	{"requires_melody_present":"能跟着哼的调调"}	["没人唱的"]	作者确认新增 requires_melody_present=true，证据为“能跟着哼的调调”，仅匹配歌曲 melody_present=yes；这不保证人人都能哼。“没人唱的”仍是当前曲库无法保证的人声条件。	false	approved
test_027	P13	test	最好每首都有点不一样的小惊喜，别从头到尾一个样。					3		none	{"target_melodic_surprise":"小惊喜"}	[]	“小惊喜”按作者已确认口径映射高旋律意外感。	false	approved
test_028	P14	test	终于考完了，整个人轻飘飘的，想听点放松又开心的。	1		1				single_target	{"current_valence":"整个人轻飘飘的","target_valence":"开心的","trajectory":"想听点放松又开心的"}	[]	“放松”不自动等于低唤醒；保留为软描述。	false	approved
test_029	P14	test	心情很低落，不想听太欢快的，就想安安静静待一会儿。	-1		0	1			single_target	{"current_valence":"心情很低落","target_valence":"不想听太欢快的","target_arousal":"安安静静","trajectory":"就想安安静静待一会儿"}	[]	作者核定：结合“想安安静静待一会儿”，本项目将目标近似记为中性、低活跃；不宣称“不要太欢快”单独严格等于中性。	false	approved
test_030	P14	test	随便放吧。							none	{}	[]	没有可据以推断的情绪或旋律条件，应按探索推荐处理。	false	approved
